{
  "project_info": {
    "project_number": "709936882739",
    "project_id": "spry-equator-316414",
    "storage_bucket": "spry-equator-316414.appspot.com"
  },
  "client": [
    {
      "client_info": {
        "mobilesdk_app_id": "1:709936882739:android:e7f11af9537a49f48b6f46",
        "android_client_info": {
          "package_name": "com.example.task91restaurantapp"
        }
      },
      "oauth_client": [
        {
          "client_id": "709936882739-hjjnhedmnt2h3lv4497iah19dp9l265s.apps.googleusercontent.com",
          "client_type": 1,
          "android_info": {
            "package_name": "com.example.task91restaurantapp",
            "certificate_hash": "3f3d668a6cc430382fc26ffe1bb5a16ce8c48e80"
          }
        },
        {
          "client_id": "709936882739-ck6chspr882210v8c6v2kiv71jqdj144.apps.googleusercontent.com",
          "client_type": 3
        }
      ],
      "api_key": [
        {
          "current_key": "AIzaSyCWQhvKWtyi_061ycXJ0NrrHjkc1qZUREw"
        }
      ],
      "services": {
        "appinvite_service": {
          "other_platform_oauth_client": [
            {
              "client_id": "709936882739-ck6chspr882210v8c6v2kiv71jqdj144.apps.googleusercontent.com",
              "client_type": 3
            }
          ]
        }
      }
    }
  ],
  "configuration_version": "1"
}